<?xml version="1.0" encoding="UTF-8"?>
<project-private xmlns="http://www.netbeans.org/ns/project-private/1">
    <editor-bookmarks xmlns="http://www.netbeans.org/ns/editor-bookmarks/2" lastBookmarkId="0"/>
    <open-files xmlns="http://www.netbeans.org/ns/projectui-open-files/2">
        <group>
            <file>file:/C:/Users/Alexander/Desktop/WHARRGARBL/UDLAP/Quinto%20Semestre/Estructuras%20de%20Datos/Assignment%201%20-%20Arrays%20with%20GUI/Interfaz/src/interfaz/Interfaz.java</file>
            <file>file:/C:/Users/Alexander/Desktop/WHARRGARBL/UDLAP/Quinto%20Semestre/Estructuras%20de%20Datos/Assignment%201%20-%20Arrays%20with%20GUI/Interfaz/src/interfaz/Array.java</file>
            <file>file:/C:/Users/Alexander/Desktop/WHARRGARBL/UDLAP/Quinto%20Semestre/Estructuras%20de%20Datos/Assignment%201%20-%20Arrays%20with%20GUI/Interfaz/src/interfaz/Frm_GUI.java</file>
        </group>
    </open-files>
</project-private>
